author,title,score,id,url,comms_num,created,body,timestamp
Majnum,"Sydney anti-lockdown protest organiser jailed for at least three months - According to police, Khallouf was involved in planning an unauthorised rally in Sydney for this weekend",129,p9x7gr,https://www.abc.net.au/news/2021-08-20/nsw-covid-lockdown-protest-organiser-jailed/100395322,99,1629715330.0,,2021-08-23 18:42:10
mfbrucee,Sweden crisis worsens after its anti-lockdown stance proven a failure,847,kpalb1,https://www.news.com.au/world/coronavirus/global/sweden-crisis-worsens-after-its-antilockdown-stance-proven-a-failure/news-story/de444b198eb996a3c9af469d72089dfe,483,1609637345.0,,2021-01-03 09:29:05
signed7,Anti-lockdown march in Montreal draws several thousand protesters,617,ntvv7b,https://montrealgazette.com/news/local-news/anti-lockdown-march-in-montreal-draws-several-thousand-protesters,152,1623014178.0,,2021-06-07 05:16:18
Looddak,Health workers heckled by anti-lockdown protesters for blocking demonstrators’ way,2479,g4peuu,https://metro.co.uk/2020/04/20/health-workers-heckled-anti-lockdown-protesters-12580640/?ito=article.desktop.share.top.link,554,1587373394.0,,2020-04-20 17:03:14
casualphilosopher1,"10,000 anti-lockdown protesters gather in London to claim coronavirus is ‘a hoax’",3039,ij071t,https://metro.co.uk/2020/08/29/anti-lockdown-protesters-calling-coronavirus-hoax-gather-london-13195529/,600,1598735125.0,,2020-08-30 05:05:25
Hellish_Hessian,German study finds that anti-lockdown protests increased infections significantly,356,lgoscg,http://ftp.zew.de/pub/zew-docs/dp/dp21009.pdf,151,1612943242.0,,2021-02-10 15:47:22
Altruistic_Astronaut,Fears Sydney anti-lockdown protest could be 'superspreader event',229,oqz3q8,https://www.abc.net.au/news/2021-07-25/sydney-anti-lockdown-rally-could-be-covid-19-superspreader-event/100321006,97,1627163927.0,,2021-07-25 05:58:47
New-Atlantis,"Study: Two Anti-Lockdown Protests in Germany are responsible for up to 21,000 Infections",333,lg7mab,https://www.tagesspiegel.de/politik/studie-aus-berlin-und-mannheim-querdenken-demos-fuer-bis-zu-21-000-infektionen-verantwortlich/26896996.html,122,1612889653.0,,2021-02-10 00:54:13
indigo-alien,Germany: Anti-lockdown protest leader contracts COVID,1196,kbsz4g,https://www.dw.com/en/germany-anti-lockdown-protest-leader-contracts-covid/a-55915671,143,1607794099.0,,2020-12-13 01:28:19
Altruistic_Astronaut,Police say Melbourne anti-lockdown protest ‘most violent in nearly 20 years’ | Australian police and policing,76,p9708v,https://www.theguardian.com/australia-news/2021/aug/22/police-say-melbourne-anti-lockdown-protest-most-violent-in-nearly-20-years,39,1629611089.0,,2021-08-22 13:44:49
signed7,Thousands attend anti-lockdown protest with more planned this weekend [in London],109,o8er4u,https://www.standard.co.uk/news/london/protests-london-this-weekend-extinction-rebellion-b942693.html,82,1624727153.0,,2021-06-27 01:05:53
EternalSighs,Anti-lockdown protests across Australia as Covid cases surge to record levels in Sydney,280,oqkb2p,https://www.theguardian.com/australia-news/2021/jul/24/anti-lockdown-protests-across-australia-as-covid-cases-surge-to-record-levels-in-sydney?CMP=Share_iOSApp_Other,120,1627106790.0,,2021-07-24 14:06:30
Smellslikedls,Sweden isn't anywhere close to reaching herd immunity after anti-lockdown strategy,1834,gp2y7y,https://www.ctvnews.ca/world/sweden-isn-t-anywhere-close-to-reaching-herd-immunity-after-anti-lockdown-strategy-1.4950144,484,1590231267.0,,2020-05-23 18:54:27
tyw7,Anti-lockdown protests erupt across Europe as tempers fray over tightening restrictions,165,m9smqf,https://www.france24.com/en/europe/20210321-anti-lockdown-protests-erupt-across-europe-as-tempers-fray-over-tightening-restrictions,100,1616316949.0,,2021-03-21 16:55:49
outrider567,"‘We don’t want you here’: Ontario town of 7,000 people dismayed as 2,000 anti-lockdown protesters arrive",979,ju9tbo,https://globalnews.ca/news/7461400/we-dont-want-you-here-st-thomas-mayor-responds-to-anti-lockdown-protest/,151,1605389739.0,,2020-11-15 05:35:39
Viewfromthe31stfloor,Coronavirus digest: Anti-lockdown protests under way in Austria | DW | 20.11.2021,54,qy6xcd,https://www.dw.com/en/coronavirus-digest-anti-lockdown-protests-under-way-in-austria/a-59887453,9,1637419257.0,,2021-11-20 22:40:57
vostok-Abdullah,Counter-Protesters in Scrubs Block Some Anti-Lockdown Campaigners in Denver,1483,g4kdfs,https://www.news.com.au/national/counterprotesters-in-scrubs-block-antilockdown-campaigners-in-denver/video/278ee573af61b41e18651f01a547e318,192,1587348965.0,,2020-04-20 10:16:05
signed7,Hundreds of anti-lockdown protesters descend on central London despite police warning,152,m98qrb,https://www.lbc.co.uk/news/hundreds-of-anti-lockdown-protesters-central-london-despite-police-warning/,85,1616252477.0,,2021-03-20 23:01:17
Sarbat_Khalsa,Nurses to anti-lockdown activists: My life's on the line. Go home,2308,gb1iml,https://www.aljazeera.com/news/2020/04/nurses-anti-lockdown-activists-life-line-home-200429190535327.html,387,1588272027.0,,2020-05-01 02:40:27
signed7,Anti-lockdown protest marches through downtown Ottawa,98,ne0e0s,https://www.cbc.ca/news/canada/ottawa/ant-lockdown-protest-ottawa-may-15-1.6028439,22,1621206044.0,,2021-05-17 07:00:44
signed7,Brexit Party re-branding as anti-lockdown party Reform UK,143,jmt23r,https://news.sky.com/story/brexit-party-re-branding-as-anti-lockdown-party-reform-uk-12121428,29,1604341457.0,,2020-11-03 02:24:17
Optimus_Pyrrha,Anti-Lockdown Protesters Burn Masks in Manhattan as New York Daily COVID Cases Highest Since April,532,jzlsgw,https://www.msn.com/en-us/news/us/anti-lockdown-protesters-burn-masks-in-manhattan-as-new-york-daily-covid-cases-highest-since-april/ar-BB1bhiRw?ocid=uxbndlbing,124,1606151728.0,,2020-11-24 01:15:28
why-you-online,Violent clashes erupt during anti-lockdown demonstrations in Europe,51,qz17nr,https://www.cnn.com/2021/11/21/europe/europe-lockdown-protests-violence-intl/index.html,4,1637519610.0,,2021-11-22 02:33:30
LordofWhore,Anti-lockdown protests break out in Europe amid new COVID wave | Europe News,108,m9svqq,https://www.aljazeera.com/gallery/2021/3/21/anti-lockdown-protests-break-out-in-europe-amid-new-covid-wave,75,1616317992.0,,2021-03-21 17:13:12
Zhana-Aul,"Anti-Lockdown Christian activist holds 2,500-person NYE event in COVID hotspot",226,koonms,https://www.newsweek.com/anti-lockdown-christian-activist-holds-2500-person-nye-event-covid-hotspot-1558470,51,1609553854.0,,2021-01-02 10:17:34
Waldonville,Melbourne descends into chaos as police arrest 62 and fire rubber pellets at anti-lockdown protesters,58,psvz2e,https://www.theguardian.com/australia-news/2021/sep/21/victoria-covid-update-melbourne-descends-into-chaos-as-police-fire-rubber-pellets-at-anti-lockdown-protestors,7,1632270638.0,,2021-09-22 08:30:38
WearyThanks,Coronavirus: Fears Russian trolls are behind anti-lockdown protests in Germany,217,gl3pgs,https://www.newshub.co.nz/home/world/2020/05/coronavirus-fears-russian-trolls-are-behind-anti-lockdown-protests-in-germany.html,48,1589668023.0,,2020-05-17 06:27:03
mostaksaif,What's behind the anti-lockdown protests in US?,220,g6fbwn,https://www.bbc.com/news/world-us-canada-52359100,193,1587611920.0,,2020-04-23 11:18:40
AltairEgos,Anti-lockdown protestors believe COVID restrictions threaten freedom,21,j0qj1k,https://torontosun.com/news/local-news/anti-lockdown-protestors-believe-covid-restrictions-threaten-freedom,84,1601210835.0,,2020-09-27 20:47:15
misana123,Germany: Anti-lockdown protest turns violent in Kassel,49,m9dafr,https://www.dw.com/en/germany-anti-lockdown-protest-turns-violent-in-kassel/a-56938225,39,1616265726.0,,2021-03-21 02:42:06
DoremusJessup,Dozens of anti-lockdown protesters arrested in Berlin,871,g80yc2,https://www.france24.com/en/20200425-dozens-of-anti-lockdown-protesters-arrested-in-berlin,80,1587847384.0,,2020-04-26 04:43:04
signed7,"Hundreds arrested at anti-lockdown protests in Brussels, Budapest and Vienna",110,l9mpqe,https://www.theguardian.com/world/2021/jan/31/hundreds-arrested-at-anti-lockdown-protests-in-brussels-budapest-and-vienna,55,1612129119.0,,2021-02-01 05:38:39
Rawad251,"Alberta court case not linked to lifting of COVID-19 restrictions, although some anti-lockdown protestors thought it did.",16,p3gurm,https://www.reuters.com/article/factcheck-alberta-case-idUSL1N2PE0EX,5,1628831195.0,,2021-08-13 13:06:35
semaforic,Fox News Executive Tries To Rein In Stars As They Cheer On Anti-Lockdown Rallies,198,g69h9a,https://www.npr.org/2020/04/22/840751725/fox-news-executive-tries-to-rein-in-stars-as-they-cheer-on-anti-lockdown-rallies,38,1587589723.0,,2020-04-23 05:08:43
WearyThanks,New Zealand: More than a thousand turn out for anti-lockdown rally in Auckland,101,ir6en3,https://www.stuff.co.nz/national/health/coronavirus/300105763/coronavirus-more-than-a-thousand-turn-out-for-antilockdown-rally-in-auckland,65,1599886321.0,,2020-09-12 12:52:01
Wagamaga,From anti-vaxxers to Covid deniers — the global anti-lockdown movement,22,ltnxvz,https://www.codastory.com/waronscience/global-anti-lockdown-movement/,29,1614431851.0,,2021-02-27 21:17:31
tagiadin_tasos,Pregnant woman arrested in Ballarat for creating anti-lockdown protest event on Facebook | Australia news,31,il6p5v,https://www.theguardian.com/australia-news/2020/sep/02/three-men-arrested-ahead-of-planned-anti-lockdown-protest-in-victoria,52,1599053015.0,,2020-09-02 21:23:35
signed7,COVID-19: Major shopping centre forced to close as anti-lockdown protest causes 'significant disruption' | UK News,32,noahrw,https://news.sky.com/story/covid-19-anti-lockdown-protest-causes-significant-disruption-forcing-major-shopping-centre-to-close-12320466,13,1622378848.0,,2021-05-30 20:47:28
brianne243,Bolsonaro joins anti-lockdown Coronavirus protests in Brazil - video report,159,g4rhbc,https://www.theguardian.com/world/video/2020/apr/20/bolsonaro-joins-anti-lockdown-coronavirus-protests-in-brazil-video-report,46,1587383901.0,,2020-04-20 19:58:21
signed7,Thousands gather in central London for anti-lockdown protest,94,j05tif,https://www.itv.com/news/2020-09-26/thousands-gather-in-central-london-for-anti-lockdown-protest,59,1601126048.0,,2020-09-26 21:14:08
signed7,London anti-lockdown protests: Thousands of anti-vaxxers march through capital on day one of Tier 2,100,jdor98,https://www.standard.co.uk/news/london/london-tier-2-protests-antilockdown-a4572011.html,33,1603056622.0,,2020-10-19 05:30:22
pizza0614,32 arrested at anti-lockdown protest in London,191,iw1mh2,https://www.irishtimes.com/news/world/uk/32-arrested-at-anti-lockdown-protest-in-london-1.4359635,37,1600552662.0,,2020-09-20 05:57:42
signed7,Thousands of Anti-Lockdown protestors gather at MediaCity after march through Manchester,48,ndwquv,https://www.itv.com/news/granada/2021-05-15/thousands-of-anti-lockdown-protestors-gather-at-mediacity-after-march-through-manchester,9,1621195736.0,,2021-05-17 04:08:56
Optimus_Pyrrha,Tennis balls thrown at English parliament during anti-lockdown protest,40,o8eelb,https://www.thejournal.ie/anti-lockdown-protest-london-5478541-Jun2021/,13,1624726027.0,,2021-06-27 00:47:07
2RoamRome,Hundreds gather in Pacific Beach for anti-lockdown protest; 100 new COVID-19 cases reported in region,102,g8txm4,https://www.sandiegouniontribune.com/news/politics/story/2020-04-26/hundreds-gather-in-pacific-beach-for-anti-lockdown-protest-100-new-covid-19-cases-reported-in-region,91,1587963058.0,,2020-04-27 12:50:58
nowyouseemenowyoudo2,Sydney anti-lockdown protest chaos as NSW Covid-19 crisis deteriorates,87,oqmagf,https://www.rnz.co.nz/news/world/447604/sydney-anti-lockdown-protest-chaos-as-nsw-covid-19-crisis-deteriorates,23,1627116551.0,,2021-07-24 16:49:11
Twoweekswithpay,Sweden's Coronavirus Death Toll 'horrifying' Says Scientist Behind Country's Anti-Lockdown Strategy,366,gfblj0,https://www.newsweek.com/sweden-coronavirus-deaths-children-lockdown-1502548,185,1588874282.0,,2020-05-08 01:58:02
signed7,"Protesters clash with police as 20,000 attend anti-lockdown rally in Germany",66,ma16ng,https://www.independent.co.uk/news/world/europe/germany-covid-protest-anti-lockdown-police-kassel-b1820133.html,13,1616346767.0,,2021-03-22 01:12:47
signed7,"Anti-lockdown protester accused of 5G tower fire, plot to capture premier",20,q8l98h,https://www.theage.com.au/national/victoria/anti-lockdown-protester-accused-of-5g-tower-fire-plot-to-capture-premier-20211014-p5905y.html,2,1634292201.0,,2021-10-15 18:03:21
Kidnovatex,WATCH: Unrest in Barcelona as anti-lockdown protesters take to the street,64,jl4vpp,https://twitter.com/BNODesk/status/1322274997851795469,32,1604090736.0,,2020-10-31 04:45:36
Waldonville,"Police make arrests, disperse crowd of anti-lockdown protesters in downtown Toronto",84,kyzbyc,https://www.cp24.com/news/police-disperse-crowd-of-anti-lockdown-protesters-in-downtown-toronto-1.5269872,27,1610857626.0,,2021-01-17 12:27:06
signed7,Anti-lockdown march in Frankfurt: Police use water cannon on counterprotesters,64,ju7e3l,https://www.dw.com/en/anti-lockdown-march-in-frankfurt-police-use-water-cannon-on-counterprotesters/a-55602324,25,1605381196.0,,2020-11-15 03:13:16
CRI0ST0IR,Wave of US anti-lockdown protests call for lifting of restrictions,78,g2ys2q,https://news.sky.com/story/coronavirus-wave-of-us-anti-lockdown-protests-call-for-lifting-of-restrictions-11974522,71,1587116128.0,,2020-04-17 17:35:28
joecam,Anti-lockdown protesters gather in North Dakota and Pennsylvania to protest stay at home orders,21,g529eo,https://internewscast.com/anti-lockdown-protesters-gather-in-north-dakota-and-pennsylvania-to-protest-stay-at-home-orders/,30,1587419816.0,,2020-04-21 05:56:56
Majnum,Coronavirus: Melbourne police arrest 74 anti-lockdown protesters,104,isbsnk,https://www.bbc.com/news/world-australia-54139669,39,1600049078.0,,2020-09-14 10:04:38
signed7,Hundreds attend anti-lockdown protests in Cork and Dublin,48,n3etfu,https://www.breakingnews.ie/ireland/hundreds-attend-anti-lockdown-protests-in-cork-and-dublin-1120573.html,12,1619986250.0,,2021-05-03 04:10:50
clarasmith78,Coronavirus: Anti-lockdown protest broken up by police in London | UK News,22,ggy5xb,https://news.sky.com/story/coronavirus-anti-lockdown-protest-broken-up-by-police-in-london-11985737,23,1589101640.0,,2020-05-10 17:07:20
signed7,Spain's PM calls for calm after violent anti-lockdown protests,44,jm9wjb,https://www.theguardian.com/world/2020/nov/01/spain-pm-calls-calm-after-violent-anti-lockdown-protests,35,1604264244.0,,2020-11-02 04:57:24
orbitcon,Melbourne anti-lockdown protesters arrested and chased by police on horseback,92,ivxiw4,https://www.theguardian.com/australia-news/2020/sep/19/melbourne-anti-lockdown-protesters-arrested-and-chased-by-police-on-horseback,17,1600538713.0,,2020-09-20 02:05:13
Zhana-Aul,Hundreds of anti-lockdown protesters turn out in London as UK death toll passes 34K,52,gkwtu9,https://thehill.com/policy/international/europe/498128-anti-lockdown-protesters-turn-out-in-london-as-uk-death-toll,41,1589644170.0,,2020-05-16 23:49:30
Optimus_Pyrrha,Man behind anti-lockdown websites got death threats: report,17,gfftdv,https://thehill.com/blogs/blog-briefing-room/news/496691-man-behind-anti-lockdown-websites-got-death-threats-report,45,1588887483.0,,2020-05-08 05:38:03
popcornboiii,Anti-Lockdown Protests Return in Arizona as Virus Surges | NowThis,71,hnse87,https://youtu.be/bP5c9JOY5-U,50,1594252028.0,,2020-07-09 07:47:08
signed7,Farmers' market shuts down early to avoid anti-lockdown protest,15,njmkh2,https://www.cbc.ca/news/canada/ottawa/protest-forces-york-street-market-close-early-1.6037649,4,1621820390.0,,2021-05-24 09:39:50
joecam,This Is What Nurses Are Saying About The Anti-Lockdown Protests,14,g6fxaq,https://nurse.org/articles/anti-lockdown-protests-covid19-what-nurses-say/,67,1587614563.0,,2020-04-23 12:02:43
signed7,COVID-19: Arrests at anti-lockdown protests across England as police officers injured in attacks,85,jyv65g,http://news.sky.com/story/covid-19-arrests-at-anti-lockdown-protests-across-england-as-police-officers-injured-in-attacks-12138505,6,1606049514.0,,2020-11-22 20:51:54
alienandro,US medical workers stand up to anti-lockdown protesters,87,g4yhvt,https://www.aljazeera.com/news/2020/04/medical-workers-stand-anti-lockdown-protesters-200420145258308.html,26,1587407749.0,,2020-04-21 02:35:49
Wagamaga,German Constitutional Court upholds ban on anti-lockdown protest,44,k76kav,https://m.dw.com/en/german-constitutional-court-upholds-ban-on-anti-lockdown-protest/a-55831516,20,1607170910.0,,2020-12-05 20:21:50
Fr1sk3r,California Protesters Block Roads Outside Capitol During Anti-Lockdown Rally,37,g5e2zh,https://www.newsweek.com/coronavirus-california-protest-lockdown-gavin-newsom-1499157,32,1587471111.0,,2020-04-21 20:11:51
61539,Anti-lockdowners protest as London COVID alert level is raised,41,jd1cjx,https://www.reuters.com/article/us-health-coronavirus-britain-protests/anti-lockdowners-protest-as-london-covid-alert-level-is-raised-idUSKBN2720T2?il=0,20,1602962486.0,,2020-10-18 03:21:26
SonictheManhog,What happened when healthcare workers confronted anti-lockdown protesters – in one photo,76,g54ch8,https://www.theguardian.com/artanddesign/2020/apr/20/photograph-healthcare-workers-confronted-anti-lockdown-protesters-denver,38,1587426954.0,,2020-04-21 07:55:54
Inspirationguy,Dutch police clash with anti-lockdown rioters protesting the new curfew,32,l49bit,https://www.aljazeera.com/news/2021/1/24/dutch-police-clash-with-anti-lockdown-rioters-in-two-cities,8,1611527305.0,,2021-01-25 06:28:25
Nihilist911,Coronavirus: Victoria anti-lockdown protesters terrorise police,17,ija02o,https://www.9news.com.au/videos/health/coronavirus-victoria-anti-lockdown-protesters-terrorise-police/ckegv3whm002m0gp60t4jna8y,14,1598779212.0,,2020-08-30 17:20:12
semaforic,"Man pulls knife on journalists covering anti-lockdown protest, California police say",65,g6wd3x,https://www.sacbee.com/news/coronavirus/article242167221.html?fbclid=IwAR1HIfxV2_3ekzCY_MlmS_5wH__WH9rX1uJBQdTgDpN-qi7mH-zCX5qX5zY#storylink=cpy,14,1587680697.0,,2020-04-24 06:24:57
Altruistic_Astronaut,Covid protest: Sixty arrests in London anti-lockdown protest,36,k2ss2n,https://www.bbc.com/news/uk-england-london-55116470,9,1606588041.0,,2020-11-29 02:27:21
signed7,Naples shopkeepers take to the streets in underwear anti-lockdown protest,29,mou45v,https://www.thelocal.it/20210411/naples-shopkeepers-take-to-the-streets-in-underwear-lockdown-protest/,4,1618159180.0,,2021-04-12 00:39:40
k_e_luk,Russian Police Break Up Anti-Lockdown Protest,34,g5k258,https://www.rferl.org/a/russian-police-break-up-anti-lockdown-protest/30568221.html,6,1587491765.0,,2020-04-22 01:56:05
signed7,Covid: London anti-lockdown protest leads to 104 arrests,32,jp8vck,https://www.bbc.co.uk/news/uk-england-london-54827535,4,1604682282.0,,2020-11-07 01:04:42
Joe_Tazuna,16 people arrested during anti-lockdown protest in London. 9 police officers injured,53,j0aveo,https://twitter.com/bnodesk/status/1309918801438355457?s=21,10,1601143997.0,,2020-09-27 02:13:17
signed7,One Dead In Bangladesh As Anti-Lockdown Protest Turns Violent,18,ml93aq,https://www.india.com/news/world/one-dead-in-bangladesh-as-anti-lockdown-protest-turns-violent-4561906/,3,1617707070.0,,2021-04-06 19:04:30
Optimus_Pyrrha,The anti-lockdown rally that wasn’t,35,gsgoet,https://www.qchron.com/editions/queenswide/the-anti-lockdown-rally-that-wasn-t/article_36e6c6e8-3fbb-54ec-9a45-6ff691875494.html,15,1590706074.0,,2020-05-29 06:47:54
signed7,Ukraine: Dozens of police hurt in anti-lockdown protests,28,kecqoi,https://www.dw.com/en/ukraine-dozens-of-police-hurt-in-anti-lockdown-protests/a-55950314,1,1608137270.0,,2020-12-17 00:47:50
commintern55,Sweden’s anti-lockdown coronavirus expert says he’s ‘willing to reconsider’ face masks,34,hfwxwz,https://www.scmp.com/news/world/europe/article/3090597/swedens-anti-lockdown-coronavirus-expert-says-hes-willing,9,1593128864.0,,2020-06-26 07:47:44
DoremusJessup,German Constitutional Court upholds ban on anti-lockdown protest,47,k7e3dr,https://www.dw.com/en/german-constitutional-court-upholds-ban-on-anti-lockdown-protest/a-55831516,3,1607196984.0,,2020-12-06 03:36:24
MyPrepAccount,Hundreds attend anti-lockdown protest (Ireland),31,ieq3ga,https://www.rte.ie/news/2020/0822/1160698-anti-lockdown-protest/,7,1598129107.0,,2020-08-23 04:45:07
etre_be,"Qantas, Virgin, Travel agencies unite over anti-lockdown campaign | Sky News Australia",9,irmruq,https://www.skynews.com.au/details/_6190223524001,7,1599951784.0,,2020-09-13 07:03:04
doublejay1999,UK anti-lockdown demonstrators protest 'government tyranny',15,gcojxb,https://www.joe.co.uk/news/uk-anti-lockdown-demonstrators-protest-government-tyranny-243778,9,1588502665.0,,2020-05-03 18:44:25
madmonkey77,How Trump allies have organized and promoted anti-lockdown protests,60,g5t0yu,https://reut.rs/3cOgR2P,9,1587522729.0,,2020-04-22 10:32:09
signed7,Anti-lockdown Westminster protest: Police officers hurt and 14 arrested,3,o5qlvv,https://www.bbc.co.uk/news/uk-england-london-57560664,1,1624377965.0,,2021-06-23 00:06:05
moebiuz36,"Police ends anti-lockdown demonstration in the Hague, the Netherlands.",33,gdwjoj,https://nos.nl/artikel/2332855-tientallen-arrestaties-in-den-haag-na-beeindigen-anti-lockdowndemonstratie.html,19,1588680446.0,,2020-05-05 20:07:26
signed7,"Five arrested at anti-lockdown protests in The Hague, Rotterdam",13,kee1j7,https://nltimes.nl/2020/12/15/five-arrested-anti-lockdown-protests-hague-rotterdam,1,1608141179.0,,2020-12-17 01:52:59
sour_creme,Victoria police brace for anti-lockdown rallies,22,imvyxy,https://apnews.com/3176c44a0742f77b0ec9af5bcad56ed1,5,1599285115.0,,2020-09-05 13:51:55
wonderkindel,Health workers face anti-lockdown protesters in dramatic photos,18,g4y52u,https://www.cnn.com/2020/04/20/us/coronavirus-colorado-health-care-trnd/index.html,17,1587406699.0,,2020-04-21 02:18:19
signed7,"Israeli physicians, scientists to hold anti-lockdown demonstration",6,iuog55,https://www.israelnationalnews.com/News/News.aspx/287467,1,1600364590.0,,2020-09-18 01:43:10
shallah,Anti-lockdown sheriffs call on constituent power to push back on coronavirus restrictions,7,gr6jh0,https://www.msn.com/en-us/news/us/anti-lockdown-sheriffs-call-on-constituent-power-to-push-back-on-coronavirus-restrictions/ar-BB14x5SX,1,1590530066.0,,2020-05-27 05:54:26
Frocharocha,Outrage as ‘anti-lockdown conspiracy theorists ignore coronavirus fears to stage public protest in Vancouver’,134,g0rygr,http://newsparliament.com/2020/04/13/outrage-as-anti-lockdown-conspiracy-theorists-ignore-coronavirus-fears-to-stage-public-protest-in-vancouver/,33,1586812992.0,,2020-04-14 05:23:12
stysoe,Could the Government make a COVID-19 vaccine mandatory in Australia?,7,itjws9,https://www.abc.net.au/news/2020-09-16/fact-file-mandatory-vaccination-is-it-possible/12661804?nw=0,3,1600211538.0,,2020-09-16 07:12:18
Morihando,"DeSantis says no new lockdowns, mask mandates or any other anti-COVID-19 measure in Florida",572,k4nkvt,https://www.orlandosentinel.com/politics/os-ne-ron-desantis-kissimmee-news-conference-20201130-liy73dz2hvh2rl6fhj2izx55hu-story.html#nt=pf-triple%20chain~politics-top-stories~recommender~automated~most-popular-recommender~LIY73DZ2HVH2RL6FHJ2IZX55HU~1~5~8~8~art%20yes,271,1606838268.0,,2020-12-01 23:57:48
imalargeogre,"Anti-mask protesters lead to cancellation of Coeur d'Alene school board meeting, district office lockdown",93,puvoqj,https://www.krem.com/mobile/article/news/local/coeur-d-alene-school-board-mask-meeting-postponed-safety-concerns/293-07b0d1f9-1dec-4de4-a01f-f389c4dc03ec,20,1632528709.0,,2021-09-25 08:11:49
Viewfromthe31stfloor,Shanghai lockdown: Whole communities relocated in anti-Covid drive,12,u9btl1,https://www.bbc.com/news/world-asia-china-61160210,1,1650624777.0,,2022-04-22 18:52:57
signed7,"Anti-mask protests, beauty salon refuses to close amid Brisbane lockdown",32,objep0,https://www.9news.com.au/national/coronavirus-queensland-anti-mask-protests-beauty-salon-refuses-to-close-news/bb097e5e-2f66-4c17-99c0-eb5b35d3a773,22,1625137236.0,,2021-07-01 19:00:36
